花蓮縣	格全食品工業股份有限公司花蓮分公司	花蓮縣玉里鎮三民里三民路6之5號	冷藏、冷凍畜禽生鮮肉品【冷凍鴨肉分切】	98,102	
花蓮縣	銘驊農畜行	花蓮縣花蓮市國強里豐村113號	冷藏、冷凍畜禽生鮮肉品【冷藏、冷凍雞肉分切】	99,102	
花蓮縣	阿漾咕咕體驗園區暨肉品加工廠【光豐地區農會】	花蓮縣光復鄉西富村中正路二段6巷10號	冷藏、冷凍畜禽生鮮肉品【冷藏、冷凍豬肉分切】	101	
花蓮縣	花蓮市農會超市配貨中心	花蓮縣花蓮市中山路二段1號	冷藏、冷凍畜禽生鮮肉品【冷藏、冷凍豬肉分切】	101	
宜蘭縣	台灣菸酒股份有限公司宜蘭酒廠	宜蘭縣宜蘭市大道里舊城西路3號	香腸【中式香腸】	98,102	
宜蘭縣	呈康食品股份有限公司	宜蘭縣五結鄉利工一路二段64號	調理肉品【義大利肉醬、菩提齋、羅漢齋_全素】	98	
宜蘭縣	立暉食品有限公司	宜蘭縣蘇澳鎮聖湖里中山路二段395號	醃漬肉品【臘肉】	99	
宜蘭縣	博士鴨畜產品實業有限公司	宜蘭縣五結鄉福興村新五路1-1號	調理肉品【鴨排】	100	
宜蘭縣	勝贏屠宰股份有限公司	宜蘭縣壯圍鄉11鄰新南村【路】96-7號	調理肉品【烤鴨、水煮雞、水煮鴨】	101	
宜蘭縣	謝記畜產食品股份有限公司	宜蘭縣五結鄉利工三路71號	醃漬肉品【鴨賞切片】	101	
基隆市	郁貿企業有限公司	基隆市武隆街105號	生鮮肉品【冷藏小分切雞肉】	101	
基隆市	樹森開發股份有限公司基隆廠	基隆市七堵區工建南路23號	冷藏、冷凍畜禽生鮮肉品【冷藏、冷凍牛肉分切】	102	
台北市	衛鮮食品股份有限公司	台北市內湖區民善街128號B2	冷藏、冷凍畜禽生鮮肉品【冷藏、冷凍牛肉分切】	101,102	
新北市	嘉一香食品股份有限公司樹林廠	新北市樹林區俊安街43號	冷藏、冷凍畜禽生鮮肉品【冷藏、冷凍豬肉分切】	97,102	
新北市	協麟食品企業股份有限公司	新北市三峽區正義街16號	醃漬肉品【培根、火腿】	97	
新北市	中國青年商店股份有限公司	新北市五股區興珍里37鄰五工六路53-2號	冷藏、冷凍畜禽生鮮肉品【冷藏豬肉分切】	98	
新北市	愛味香食品股份有限公司	新北市鶯歌區中正三路491巷7號	調理肉品【宮保雞丁】	98	
新北市	美淇食品有限公司	新北市中和區中山路二段342號	※冷藏、冷凍畜禽生鮮肉品【冷藏、冷凍豬肉分切】
※調理肉品【豬、牛、羊】	98	
新北市	芬芳烹材股份有限公司	新北市樹林區武林街9-6號	冷藏、冷凍畜禽生鮮肉品【冷凍豬肉分切】	98	
新北市	貴族世家企業股份有限公司土城廠	新北市土城區沛陂里中興路17號	調理肉品【丁骨牛排、沙朗牛排】	99	
新北市	廣達香食品股份有限公司	新北市新莊區化成路382巷18號	乾燥肉品【肉鬆】	99	
新北市	西北食品工業股份有限公司	新北市林口區工二工業區粉寮路一段102號	調理肉品【水晶餃】	99	
新北市	鼎耀食品股份有限公司	新北市新店區寶橋路235巷14號1樓	冷藏、冷凍畜禽生鮮肉品【冷藏、冷凍雞肉】	99,102	
新北市	金軒揚食品有限公司	新北市中和區錦和路30號	乾燥肉品【豬肉乾】	100	
新北市	百傑國際食品有限公司	新北市三重區重新路五段661巷2號	調理肉品【黑胡椒豬排】	100	
新北市	新力香食品有限公司【一廠】	新北市三峽區介壽街一段338巷12號【一廠】	乾燥肉品【肉胚、肉鬆】	100	
新北市	新力香食品有限公司【二廠】	新北市三峽區介壽街一段318巷17號【二廠】	乾燥肉品【肉胚、肉鬆】	100	
新北市	弘燁實業股份有限公司	新北市三重區光復路二段90號	香腸【中式香腸_廣式臘腸】	100	
新北市	立台食品工業股份有限公司	新北市三重區光華路59號	冷藏、冷凍畜禽生鮮肉品【冷藏、冷凍雞肉】	100	
新北市	強富食品股份有限公司	新北市三重區光復路二段42巷39號5樓	調理肉品【漢堡肉】	100	
新北市	皇上皇食品股份有限公司汐止廠	新北市汐止區水源路二段179號	香腸【中式香腸_廣式臘腸】	100	
新北市	鬍鬚張股份有限公司五股廠	新北市五股區五工ㄧ路106號1樓	調理肉品【雞肉絲】	101	
新北市	泓霖食品工業有限公司	新北市土城區承天路71巷4弄21號	冷藏、冷凍畜禽生鮮肉品【冷藏、冷凍豬肉】	101	
新北市	統好興業有限公司	新北市土城區中華路1段70巷21號	冷藏、冷凍畜禽生鮮肉品【冷凍豬肉】	101	
新北市	統賀冷凍食品有限公司	新北市三重區中正北路530巷18弄1號	調理肉品【冷凍牛肉片】	101	
新北市	唯一行食業股份有限公司	新北市五股區五權三路24號	乾燥肉品【牛肉乾】	101	
桃園縣	雅勝冷凍食品股份有限公司	桃園縣蘆竹鄉山腳村泉州路3號	冷藏、冷凍畜禽生鮮肉品【冷藏、冷凍豬肉】	97,101	
桃園縣	保障責任台灣省北台雞肉運銷合作社：大成長城企業股份有限公司大園廠	桃園縣大園鄉三石村五鄰三塊石45-51號	冷藏、冷凍畜禽生鮮肉品【冷藏、冷凍雞肉】	97,101	
桃園縣	新東陽股份有限公司	桃園縣大園鄉大工路11號	香腸【中式香腸】	97,101	
桃園縣	樂山股份有限公司	桃園縣龍潭鄉八德村八張犁55-7號	調理肉品【冷凍咖哩雞調理包】	97	
桃園縣	超秦企業股份有限公司	桃園縣桃園市中埔里永安路1063號	冷藏、冷凍畜禽生鮮肉品【冷藏、冷凍雞肉】	98,102	
桃園縣	碁富食品股份有限公司觀音廠	桃園縣觀音鄉經建四路21號	醃漬肉品【洋火腿】	98	
桃園縣	富豐國際食品股份有限公司	桃園縣大園鄉大觀路550號	醃漬肉品【培根】	98	
桃園縣	瑞輝食品股份有限公司	桃園縣大園鄉大工路13號	香腸【西式香腸_博客Q肉丁德國香腸】	98	
桃園縣	欣光食品股份有限公司	桃園縣中壢市中壢工業區南園路2-50號	調理肉品【冷凍咖哩肉片、香蒜排骨】	99	
桃園縣	瑞美食品股份有限公司	桃園縣大園鄉田心村大觀路255號	醃漬肉品【煙燻鴨胸】	100	
桃園縣	上德食品有限公司	桃園縣觀音鄉玉林路一段522號	冷藏、冷凍畜禽生鮮肉品【冷藏冷凍雞肉分切】	102	
新竹市	海瑞食品有限公司	新竹市香山區牛埔東路568巷17號	調理肉品【貢丸】	98,102	
新竹市	華品食品有限公司	新竹市香山區埔前里埔前路231巷28號	調理肉品【貢丸】	101	
新竹市	昶瑞食品有限公司	新竹市香山區埔前里牛埔南路169-3號	調理肉品【貢丸】	101	
新竹市	新宇禎福記食品有限公司	新竹市南港街7巷35號	調理肉品【貢丸】	101	
新竹市	振坊有限公司：阿中丸子	新竹市香山區海埔路171巷73號	調理肉品【貢丸】	101	
新竹市	鼎昱食品有限公司	新竹市香山區埔前里牛埔南路169-5號	調理肉品【貢丸】	102	
新竹縣	三憶食品股份有限公司	新竹縣芎林鄉文林村柯子林56之10號	冷藏、冷凍畜禽生鮮肉品【冷凍雞肉分切】	101	
新竹縣	進吉食品有限公司	新竹縣竹北市中正西路1066巷2號	調理肉品【貢丸】	101	
新竹縣	進富食品行	新竹縣竹北市東海一街156巷86號	調理肉品【貢丸】	102	
苗栗縣	普惠食品企業有限公司	苗栗縣竹南鎮大厝里國泰路13號	冷藏、冷凍畜禽生鮮肉品【冷凍豬肉分切】	98	
台中市	樹森開發股份有限公司	台中市西屯區工業區11路15號	※冷藏、冷凍畜禽生鮮肉品【豬梅花肉火鍋片】
※調理肉品【台塑牛小排】	98,102	
台中市	吉康食品股份有限公司	台中市西屯區工業區31路13號	調理肉品【黑胡椒滑蛋牛柳】	98	
台中市	雪宮冷凍股份有限公司	台中市西屯區工業區37路34號	※香腸【小巧香腸】
※調理肉品【卡啦雞腿】	98,100	
台中市	三嘉馨企業有限公司	台中市西屯區工業區38路197號	乾燥肉品【有筋牛肉乾、豬肉角】	99	
台中市	知王食品股份有限公司	台中市西屯區工業區39路62號	調理肉品【滷豬腳、滷香鳳爪】	100	
台中市	保險責任台灣省台中家禽運銷合作社	台中市太平區鵬儀路366巷1弄1號	※冷藏、冷凍畜禽生鮮肉品【冷藏雞肉】
※調理肉品【裹粉裹麵肉品】	97,102	
台中市	興農股份有限公司烏日廠_台灣楓康超市	台中市大肚區中和里中山路35號	冷藏、冷凍畜禽生鮮肉品【冷藏豬肉分切】	97,102	
台中市	嘉茂肉品有限公司_【嘉茂生鮮有限公司】	台中市大安區頂安里東西二路172號	調理肉品【冷藏、冷凍雞肉】	98	
台中市	三久食品股份有限公司	台中市霧峰區豐正路工業巷6弄63號	冷藏、冷凍畜禽生鮮肉品【冷藏、冷凍豬肉分切】	98,102	
台中市	金安記食品廠有限公司	台中市龍井區龍崗里竹師路二段112巷39號	乾燥肉品【牛肉乾、豬肉乾】	98	
台中市	大安肉品有限公司	台中市大安區龜壳里大安港路541號	調理肉品【里肌肉排】	98	
台中市	嘉盛肉品企業有限公司	台中市大安區東西二路172-1號	冷藏、冷凍畜禽生鮮肉品【冷藏、冷凍雞肉分切】	99	
台中市	王記食品廠	台中市神岡區三角里大富路98巷19號	調理肉品【加工滷製品】	99	
台中市	王記農產品實業有限公司	台中市大甲區德化里南北三路30號	調理肉品【加工滷製品】	99	
台中市	耀陞食品股份有限公司	台中市大肚區營埔里一鄰營埔巷1-10號	冷藏、冷凍畜禽生鮮肉品【冷藏、冷凍雞肉分切】	99	
台中市	台中市大安區農會肉品加工廠	台中市大安區中庄里中松路93號	※香腸【中式香腸】
※乾燥肉品【豬肉鬆、豬肉乾、豬肉絲】	99	
台中市	德昌食品股份有限公司	台中市大里區仁化路756號	乾燥肉品【牛肉乾】	99	
台中市	萬味軒食品工業股份有限公司【瑞利實業工廠股份有限公司】	台中市清水區西寧路62-4號	乾燥肉品【豬肉乾、豬肉絲】	99	
台中市	味全食品工業股份有限公司台中總廠	台中市霧峰區萬豐里中正路266號	肉類罐頭【辣味肉醬】	99	
台中市	三松食品實業有限公司溪南廠	台中市烏日區螺潭里溪南路二段270巷67號	※冷藏、冷凍畜禽生鮮肉品【冷藏、冷凍羊肉分切】
※調理肉品【冷凍和風羊子排、冷凍羔羊肋排】	99	
台中市	大統食品廠	台中市大里區金城里塗城路852巷16-6號	香腸【中式香腸】	100	
台中市	衛康食品股份有限公司	台中市大里區中興路二段71巷5號	冷藏、冷凍畜禽生鮮肉品【冷凍牛肉小分切】	100	
南投縣	香里食品企業股份有限公司	南投縣南投市仁和路3號	※冷藏、冷凍畜禽生鮮肉品【冷藏、冷凍豬肉分切】
※香腸【中式香腸】
※乾燥肉品【香腸、肉鬆】	97,102	
南投縣	台灣卜蜂企業股份有限公司	南投縣南投市工業東路17號	※冷藏、冷凍畜禽生鮮肉品【冷藏、冷凍雞肉分切】
※調理肉品【雞排】	97,102	
南投縣	裕國冷凍冷藏股份有限公司	南投縣南投市工業北路2號	調理肉品【黑胡椒醬西堤肩牛小排】	98	
南投縣	韋祥企業有限公司	南投縣南投市南崗工業區南崗三路6號	乾燥肉品【碳烤蜜汁豬肉乾、牛肉乾】	98,100	
南投縣	南投縣農產運銷股份有限公司【南投縣肉品市場股份有限公司】	南投縣名間鄉仁和村彰南路256號	香腸【中式香腸】	99,102	
南投縣	家味食品行【新珍香食品有限公司、添興食品有限公司】	南投縣草屯鎮碧山路954號	乾燥肉品【豬肉酥】	101	
南投縣	台灣卜峰企業股份有限公司【南投調理食品廠】	南投縣南投市南崗工業區自強三路21號	調理肉品【裹漿裹粉肉品】	102	
彰化縣	紅政企業股份有限公司	彰化縣芳苑鄉後寮村工區六路12號	※香腸
※醃漬肉品【培根、火腿】
※調理肉品【漢堡肉】	97,101	
彰化縣	津谷食品股份有限公司	彰化縣埤頭鄉斗苑東路525號	※香腸
※醃漬肉品【培根】
※冷藏、冷凍畜禽生鮮肉品【豬肉大分切】	97,101	
彰化縣	碁富食品股份有限公司	彰化縣大城鄉東城村南平路1-1號	調理肉品【冷凍雞塊、冷凍炸雞、冷凍腿堡、冷凍牛肉餅】	98,101	
彰化縣	誠昌實業股份有限公司	彰化縣秀水鄉彰水路二段90號	冷藏、冷凍畜禽生鮮肉品【冷藏、冷凍豬肉分切】	98,101	
彰化縣	興鮮企業有限公司	彰化縣員林鎮大峰里1鄰大峰巷17弄100號	冷藏、冷凍畜禽生鮮肉品【冷凍/冷藏雞肉】	99	
彰化縣	榛紀食品有限公司【香村食品股份有限公司】	彰化縣埔心鄉員鹿路一段366號	乾燥肉品【豬肉酥】	100,101	
彰化縣	今元肉品股份有限公司	彰化縣溪湖鎮河東里濱河街77號	※冷藏、冷凍畜禽生鮮肉品【冷凍豬肉小分切】
※調理肉品【鹹豬肉】	101	
彰化縣	興中台股份有限公司	彰化縣埤頭鄉大湖村中央路89-1號	冷藏、冷凍畜禽生鮮肉品【冷藏、冷凍雞肉分切】	99	
彰化縣	宏彬食品有限公司	彰化縣溪州鄉舊眉村頭前路8號1樓	調理肉品【冷凍調理豬肉】	99	
彰化縣	昌祝實業有限公司	彰化縣二林鎮東興里育英街57號	冷藏、冷凍畜禽生鮮肉品【冷凍豬肉分切】	99	
彰化縣	泯冠企業有限公司	彰化縣北斗鎮新工2路116號	乾燥肉品【豬肉胚】	100	
彰化縣	源冠調理食品股份有限公司	彰化縣北斗鎮螺陽路32號	調理肉品【冷凍雞塊】	101	
彰化縣	圓寶冷凍食品股份有限公司	彰化縣伸港鄉工業區工東一路39號	調理肉品【貢丸】	101	
雲林縣	源欣興農畜食品有限公司	雲林縣斗南鎮小東里公論路1號	※冷藏、冷凍畜禽生鮮肉品【生鮮大排分切】
※調理肉品【醃漬加工-漢堡肉、調理肉片】	97,102	
雲林縣	凱馨實業股份有限公司	雲林縣斗六市八德里引善路96號	冷藏、冷凍畜禽生鮮肉品【雞肉分切】	97	
雲林縣	和榮意食品有限公司	雲林縣元長鄉鹿北村同安路48號    	冷藏、冷凍畜禽生鮮肉品【豬肉分切】	98,102	
雲林縣	保證責任雲林縣元長家禽生產合作社	雲林縣元長鄉龍岩村143-3號	調理肉品【醃漬加工-醉雞、油雞】	98,102	
雲林縣	東豪冷凍食品股份有限公司	雲林縣斗南鎮小東里德業路33巷2號	※冷藏、冷凍畜禽生鮮肉品【雞肉分切】
※醃漬肉品【火腿】
※香腸【中式香腸】	98,102	
雲林縣	嘉楠食品工業股份有限公司	雲林縣元長鄉下寮村興工街3號	調理肉品【貢丸】	98,102	
雲林縣	東峰股份有限公司	雲林縣斗六市榴中里復興路28號	冷藏、冷凍畜禽生鮮肉品【雞肉分切】	98,100	
雲林縣	台全珍豬工業股份有限公司	雲林縣麥寮鄉西濱路二段88號	冷藏、冷凍畜禽生鮮肉品【豬肉分切】	98	
雲林縣	味王股份有限公司豐田廠	雲林縣大埤鄉豐田路14號	肉類罐頭【紅燒牛腩調理袋】	99	
雲林縣	慶豐食品廠	雲林縣元長鄉西庄村西庄18號	調理肉品【貢丸】	99	
雲林縣	欣欣生技食品股份有限公司	雲林縣斗六市保長路60號	肉類罐頭【紅燒牛肉罐頭】	99	
雲林縣	囿福有限公司	雲林縣西螺鎮大園街54號	乾燥肉品【豬肉酥、豬肉乾】	99,102	
雲林縣	華鮮冷凍食品股份有限公司	雲林縣斗六市虎溪里科工一路3號	調理肉品【華鮮漢堡肉】	99	
雲林縣	凱馨實業股份有限公司加工廠	雲林縣斗六市民有街52號	調理肉品【金線蓮雞】	99	
雲林縣	源欣興農畜食品有限公司土庫廠	雲林縣土庫鎮埤腳里埤腳118-4號	※香腸【中、西式香腸】
※調理肉品【貢丸】	99	
雲林縣	坤詮企業社	雲林縣水林鄉蘇秦村順安路11-1號	乾燥肉品【豬肉酥】	99	
雲林縣	宗利食品廠	雲林縣元長鄉合和村三房3號	調理肉品【貢丸】	100	
雲林縣	東豐調理食品股份有限公司	雲林縣斗六市復興路37號	調理肉品【調理雞肉】	100	
雲林縣	金利食品行【雙匯冷凍食品股份公司】	雲林縣元長鄉長南村中山路261號	調理肉品【貢丸】	100,102	
雲林縣	品寶企業股份有限公司	雲林縣元長鄉興工街2號	調理肉品【雞肉絲】	100	
雲林縣	良冠食品廠	雲林縣元長鄉合和村	調理肉品【貢丸】	100	
雲林縣	毫纖生物科技股份有限公司	雲林縣斗六市榴中里榴南路70號	調理肉品【調理大排】	101	
雲林縣	樹森開發股份有限公司雲林廠	雲林縣斗六市科工一路3號	調理肉品【漢堡肉】	101	
雲林縣	春豐食品廠	雲林縣元長鄉西莊村9鄰24號	調理肉品【貢丸】	101	
雲林縣	台億食品股份有限公司	雲林縣元長鄉下寮村經建街10號	冷藏、冷凍畜禽生鮮肉品【冷凍分切豬肉】	101	
雲林縣	福祺食品公司	雲林縣四湖鄉內湖村三塊厝路60號	調理肉品【貢丸】	101	
雲林縣	聖元食品廠	雲林縣褒忠鄉中民村中正路289號	調理肉品【貢丸】	102	
雲林縣	全欣肉品專賣店	雲林縣西螺鎮興農西路72號	冷藏、冷凍畜禽生鮮肉品【冷凍分切豬肉】	102	
雲林縣	三和食品廠	雲林縣元長鄉合和村三房51-2號	調理肉品【貢丸】	102	
雲林縣	隆壹食品工業有限公司	雲林縣斗南鎮延平路318號	調理肉品【裹粉豬排】	102	
雲林縣	三大食品廠	雲林縣北港鎮文昌路148號	香腸【中式香腸】	102	
雲林縣	保蓮食品有限公司	雲林縣斗南鎮永安街96號	冷藏、冷凍畜禽生鮮肉品【冷凍分切豬肉】	102	
雲林縣	和榮食品有限公司	雲林縣水林鄉灣東村正義南路3-2號	調理肉品【裹粉豬排】	102	
雲林縣	大正食品廠	雲林縣二崙鄉大同村大同81號	調理肉品【貢丸】	102	
嘉義市	泓軒食品有限公司	嘉義市西區竹林里竹子腳3-100號	※冷藏、冷凍畜禽生鮮肉品【冷凍分切豬肉】
※調理肉品【醬燒腿仁排】	101,102	
嘉義縣	塗托食品有限公司	嘉義縣大林鎮明華里中正路209號	調理肉品【咔啦香雞排、雞米花】	98,100,102	
嘉義縣	陸弘股份有限公司	嘉義縣大林鎮過溪里過溪573號	冷藏、冷凍畜禽生鮮肉品【冷凍雞腿】	98,100	
嘉義縣	禎祥食品工業股份有限公司	嘉義縣朴子市竹村里鴨母寮1-3號	肉類罐頭【韓苑人蔘雞、養生珍菇雞】	101,102	
嘉義縣	亞洲虎食品股份有限公司	嘉義縣太保市嘉太工業區和順路6號	調理肉品【貢丸】	101	
台南市	美芝城實業股份有限公司	台南市安平工業區新平路7-1號	※香腸【中式香腸】
※冷凍調理肉品【漢堡肉餡、里肌豬排豬柳】	98,99,102,	
台南市	黑橋牌企業股份有限公司【滋味珍食品股份有限公司】	台南市南區彰南里中華西路一段103號	※香腸【中式香腸】
※醃漬肉品【培根、火腿、熱狗】
※乾燥肉品	98,99,100,102	
台南市	統一企業股份有限公司新市總廠肉品廠	台南市新市區大營里7號	香腸【中式香腸】	97,102	
台南市	大成長城企業股份有限公司永康廠肉品加工廠【大成長城集團關係企業美蘭雷股份有限公司】	台南市永康區王行里環工路87號B棟	調理肉品【炸雞、優質雞塊】	97,102	
台南市	統一企業股份有限公司新營廠	台南市新營區工業街83號	調理肉品【貢丸】	98	
台南市	台灣糖業股份有限公司畜殖事業部	台南市柳營區人和里義士路五段690號A棟	※乾燥肉品【肉酥】
※冷藏、冷凍畜禽生鮮肉品【冷凍小分切豬肉】	98,102	
台南市	台灣芙滋食品股份有限公司	台南市官田區二鎮里成功街55號	調理肉品【冷凍調理包_Pizza燒肉】	98	
台南市	樂騏食品有限公司永康廠	台南市永康區東橋里中山南路365巷8號	調理肉品【醃漬豬肉-京都里肌排】	98,100	
台南市	富林食品工廠	台南市安定區中沙里沙崙9-1號	調理肉品【富林漢堡肉餡】	99,102	
台南市	仲偉企業股份有限公司	台南市仁德區義林十二街31號	調理肉品【火雞肉絲】	99	
台南市	大成長城企業股份有限公司柳營廠	台南市柳營區士林村柳營路一段491巷128弄11號	冷藏、冷凍畜禽生鮮肉品【冷藏、冷凍雞肉分切】	101	
高雄市	沅泰食品有限公司	高雄市前鎮區新都路10號	冷藏、冷凍畜禽生鮮肉品【冷藏、冷凍雞肉分切】	98	
高雄市	瑞洲冷凍食品股份有限公司	高雄市左營區民族一路651號	乾燥肉品【乾燥豬肉片、牛肉片】	98	
高雄市	台鑫食品冷凍事業股份有限公司	高雄市路竹區中山南路72號	※乾燥肉品【肉酥、肉絨】
※調理肉品【椒鹽排骨】	97,102	
高雄市	立大農畜興業股份有限公司冷凍食品廠	高雄市路竹區北嶺里中山南路47號	香腸【中式香腸】	97	
高雄市	泰安食品企業有限公司	高雄市大寮區大發工業區大有四街8號	※冷藏、冷凍畜禽生鮮肉品【冷凍豬肉分切】
※香腸【中式香腸】	97,98,100,102	
高雄市	國際農畜股份有限公司	高雄市路竹區中華路518號	醃漬肉品【櫻之味珍胸】	98	
高雄市	友宏有限公司	高雄市阿蓮區港後里崙頂1-10號	冷藏、冷凍畜禽生鮮肉品【冷藏、冷凍雞肉】	98	
高雄市	得意中華食品有限公司	高雄市岡山區本洲里本工一路25號	調理肉品【滷製品-鳳爪】	99	
高雄市	明寶企業有限公司	高雄市大寮區新厝村鳳林二路293之20號	調理肉品【冷凍春捲】	100	
高雄市	裕賀食品股份有限公司	高雄市燕巢區大仁路60號	冷藏、冷凍畜禽生鮮肉品【冷凍分切牛肉】	102	
高雄市	太師傅企業股份有限公司【原為祥九】	高雄市大寮區華東路48號	冷藏、冷凍畜禽生鮮肉品【雞肉分切】	102	
屏東縣	信功實業股份有限公司	屏東縣長治鄉繁昌村中山路122號	香腸【法蘭克福香腸】	97,102	
屏東縣	振聲冷凍食品股份有限公司	屏東縣鹽埔鄉新二村維新路168-8號	醃漬肉品【煙燻鴨腿、煙燻鴨排】	97,102	
屏東縣	富統食品股份有限公司	屏東縣萬丹鄉水泉村泉順街439巷37號	※醃漬肉品【富統胡椒腿肉】
※調理肉品【黑胡椒帶骨肉排】
※香腸【小熱狗】	98,102	
屏東縣	立蜂實業有限公司	屏東縣萬丹鄉社中村大義路9號	冷藏、冷凍畜禽生鮮肉品【冷藏、冷凍雞肉分切】	98,102	
屏東縣	峰榮食品工業股份有限公司	屏東市龍華里龍華路555號	冷藏、冷凍畜禽生鮮肉品【冷藏、冷凍豬肉分切】	98,102	
屏東縣	台灣農畜產工業股份有限公司	屏東市建國路480號	香腸【西式香腸-法蘭克香腸】	98	
屏東縣	思牧企業股份有限公司	屏東縣內埔鄉豐田村延平路133號	冷藏、冷凍畜禽生鮮肉品【冷藏、冷凍豬肉分切】	98,102	
屏東縣	嘉一香食品股份有限公司屏東廠	屏東縣崁頂鄉崁頂村中正路1-1號	冷藏、冷凍畜禽生鮮肉品【冷藏、冷凍豬肉分切】	99	
屏東縣	高津食品股份有限公司	屏東縣內埔鄉豐田村延平路131號	香腸【西式香腸-德式香腸】	99	
屏東縣	高揚冷凍食品股份有限公司	屏東縣高樹鄉新南村大和路1-10號	冷藏、冷凍畜禽生鮮肉品【冷藏、冷凍鴨肉分切】	99	
屏東縣	保億冷凍食品有限公司	屏東縣九如鄉玉泉村黃金路51號	冷藏、冷凍畜禽生鮮肉品【冷藏、冷凍豬肉分切】	99	
屏東縣	台灣菸酒股份有限公司屏東酒廠	屏東縣內埔鄉豐田村建國路34號	調理肉品【紅麴貢丸】	99	
屏東縣	佳味香食品企業有限公司	屏東縣新園鄉新園村媽祖路396號	調理肉品【冷凍調理裹粉無骨雞排】	99	
屏東縣	農生企業股份有限公司	屏東縣里港鄉載興村新民路11-6號	冷藏、冷凍畜禽生鮮肉品【冷凍鴨肉分切】	99	
屏東縣	復進企業股份有限公司	屏東縣內埔鄉豐田村內埔工業區建業路1號	冷藏、冷凍畜禽生鮮肉品【冷藏、冷凍豬肉分切】	99	
屏東縣	永源有限公司	屏東縣長治鄉崙上村崑崙路152號	冷藏、冷凍畜禽生鮮肉品【冷凍豬肉小分切】	100	
屏東縣	強匠冷凍食品股份有限公司	屏東縣內埔鄉內埔工業區建國路16號	調理肉品【冷凍燒烤雞翅】	100	
屏東縣	義達利農產股份有限公司	屏東縣萬丹鄉萬丹路三段371號	冷藏、冷凍畜禽生鮮肉品【冷凍豬肉小分切】	100	
屏東縣	兆鴻【復興】肉品有限公司	屏東縣長治鄉進興村復興路122之8、124號	乾燥肉品【牛肉乾】	101	
屏東縣	臺美好食品工業有限公司	屏東縣新園鄉媽祖路404號	醃漬肉品【德國豬腳】	101	
屏東縣	味一食品有限公司	屏東縣枋寮鄉東海村精進路35號	乾燥肉品【豬肉酥】	101	
屏東縣	萬偉股份有限公司	屏東縣萬丹鄉社上村萬丹路3段331號	冷藏、冷凍畜禽生鮮肉品【豬肉分切】	102	
金門縣	高坑有限公司	金門縣金沙鎮高坑3-1號	乾燥肉品【牛肉乾、牛肉角】	100,102	
金門縣	老農莊食品有限公司	金門縣金湖鎮新市里國順街20號	乾燥肉品【牛肉乾、牛肉角】	100,102	
宜蘭縣	佳福股份有限公司	宜蘭縣蘇澳鎮造船路66號	冷凍冷藏水產品食品類	94, 97, 102	
宜蘭縣	活寶食品(股)公司	宜蘭縣冬山鄉太和村太和路500號	水產品罐頭食品類	94, 97, 101	
宜蘭縣	隆盛食品冷凍(股)公司	宜蘭縣蘇澳鎮龍德里德興六路11號	冷凍冷藏水產品食品類	95, 97	
宜蘭縣	和誠億水產股份有限公司	宜蘭縣蘇澳鎮德興一路29號	冷凍冷藏水產品食品類	95, 97, 101, 102	
宜蘭縣	大溪食品工業有限公司	宜蘭縣頭城鎮大溪里濱海5段396號	冷凍冷藏水產品食品類	96, 97, 102	
宜蘭縣	千旺海產有限公司	宜蘭縣頭城鎮大溪里外大溪路186-1號1樓	水產調味乾製食品類	97, 98,99	
宜蘭縣	金車股份有限公司水產養殖研究中心	宜蘭縣礁溪鄉淇武蘭路162-13號	冷凍冷藏水產品食品類	97, 98, 102	
宜蘭縣	圓丁冷凍(股)公司	宜蘭縣蘇澳鎮隘丁里大圳路64號	冷凍冷藏水產品食品類	94, 102	
宜蘭縣	福國冷凍(股)公司	宜蘭縣五結鄉利工一路56號	冷凍冷藏水產品食品類	94, 99, 102	
宜蘭縣	東和食品工業(股)公司	宜蘭縣五結鄉五結路3段489號	冷凍冷藏水產品食品類/水產罐頭食品類, 水產調味乾製品類	94, 95, 101, 102
宜蘭縣	金春勝食品冷凍(股)公司	宜蘭縣蘇澳鎮新城里中山2段365巷2號	水產品罐頭食品類	94, 100	
宜蘭縣	同榮實業(股)公司	宜蘭縣冬山鄉香和村香中路１號	水產品罐頭食品類	94, 96	
宜蘭縣	立圓食品(股)公司	宜蘭縣蘇澳鎮大圳路68號	冷凍冷藏水產品食品類	95, 98, 101, 102	
宜蘭縣	老三林食品廠	宜蘭縣蘇澳鎮蘇北里蘇北路18號	水產品罐頭食品類	94, 96,98,100	
宜蘭縣	溪和食品有限公司利澤廠 	宜蘭縣五結鄉利澤工業區利興二路11號	冷凍冷藏水產品食品類	96, 99	
宜蘭縣	錦元益冷凍股份有限公司 	宜蘭縣蘇澳鎮自強路15號	冷凍冷藏水產品食品類	96, 99	
宜蘭縣	西洋水產有限公司	宜蘭縣頭城鎮大溪里濱海路5段487號	冷凍冷藏水產品食品類	96, 100, 102	
宜蘭縣	新禾昌水產加工廠	宜蘭縣蘇澳鎮南安路28號	其他水產品類	96, 98, 102	
宜蘭縣	誼美冷凍食品股份有限公司	宜蘭縣蘇澳鎮龍德里福德路244號	冷凍冷藏水產品食品類	95, 100	
宜蘭縣	瑩一食品工業(股)公司	宜蘭縣蘇澳鎮龍祥一路4號	冷凍冷藏水產品食品類	95, 100	
宜蘭縣	鮮品冷凍食品(股)公司	宜蘭縣蘇澳鎮龍德里自強路21號	冷凍冷藏水產品食品類	95, 98	
宜蘭縣	蘭揚食品(股)公司	宜蘭縣五結鄉成興村利工二路53號	冷凍冷藏水產品食品類	95	
宜蘭縣	南方澳食品冷凍企業股份有限公司	宜蘭縣蘇澳鎮新城里新榮路77號	冷凍冷藏水產品食品類	95, 98, 102	
宜蘭縣	惠眾食品工業(股)公司	宜蘭縣蘇澳鎮隘丁里信義路270巷12弄6號	水產品罐頭食品類	94, 96, 101, 102	
宜蘭縣	隆育企業有限公司	宜蘭縣冬山鄉大興村德興四路17號	水產品罐頭食品類	95, 100	
宜蘭縣	海隆水產有限公司	宜蘭縣冬山鄉香和村香城路200巷36號	冷凍冷藏水產品食品類	96, 98, 102	
宜蘭縣	鑫龍食品(股)公司	宜蘭縣蘇澳鎮隘丁里仁愛路6號	冷凍冷藏水產品食品類	96, 99	
宜蘭縣	久泰興業(股)公司	宜蘭縣礁溪鄉玉光里瑪璘路26之1號	冷凍冷藏水產品食品類	96, 98	
宜蘭縣	晉陽海產冷凍加工(股)公司	宜蘭縣蘇澳鎮南建里造船路59巷8號	冷凍冷藏水產品食品類	96, 99	
宜蘭縣	瑞昌魚行有限公司	宜蘭縣冬山鄉大興村德興六路58號	其他水產品類	96, 99	
宜蘭縣	金澤冷凍水產有限公司	宜蘭縣五結鄉成興村利興二路26號	冷凍冷藏水產品食品類	95, 99, 102	
宜蘭縣	日盛產業有限公司	宜蘭縣蘇澳鎮蘇東里埤岸路２４號 	冷凍冷藏水產食品類	99	
基隆市	北都冷凍食品工業股份有限公司	基隆市中正區北寧路223號	冷凍冷藏水產品食品類	94, 97,100, 101, 102	
基隆市	耀集食品工廠股份有限公司	基隆市安樂區武訓街8號	冷凍冷藏水產品食品類	94, 97, 101	
基隆市	欣揚海產有限公司	基隆市暖暖區興隆街27號	冷凍冷藏水產品食品類	94, 97, 99, 101, 102	
基隆市	建寶食品股份有限公司	基隆市中正區北寧路69號	水產調味乾製品類	94, 98, 100	
基隆市	華聯食品工業股份有限公司	基隆市七堵區自強路102號	冷凍冷藏水產品食品類	94, 96, 98, 101	
基隆市	川欣企業股份有限公司	基隆市信義區深澳坑路277號	冷凍冷藏水產品食品類	94, 98, 102	
基隆市	易新食品行	基隆市仁愛區龍安街169號	冷凍冷藏水產品食品類	95	
基隆市	汎洋海鮮	基隆市中正區和一路131巷3號	冷凍冷藏水產品食品類	95, 98	
基隆市	弼富食品有限公司	基隆市暖暖區源遠路355號	冷凍冷藏水產品食品類	95, 99	
基隆市	水木魚漿店	基隆市仁愛區孝二路29巷29號1樓	冷凍冷藏水產品食品類	95, 100	
基隆市	天祐食品股份有限公司	基隆市七堵區六堵里工建南路２號 	冷凍冷藏水產食品類	99	
基隆市	宏彰食品工業有限公司	基隆市信義區深澳坑路310-1號1樓	冷凍冷藏水產食品類	100, 102	
台北市	鮑參翅食品有限公司	台北市士林區延平北路六段458號1樓	水產品罐頭食品類, 冷凍冷藏水產食品類	101, 102	
新北市	廣達香食品(股)公司	新北市新莊區化成路382巷18號	水產品罐頭食品類, 水產調味乾製品類	94, 95, 97, 101	
新北市	品川實業(股)公司	新北市瑞芳區頂坪路78號	冷凍冷藏水產品食品類	95, 97, 99	
新北市	華昇食品工廠(股)	新北市瑞芳區頂坪路135號	冷凍冷藏水產品食品類	94, 97, 99	
新北市	味冠食品有限公司	新北市土城區永豐路195巷7弄3號	冷凍冷藏水產品食品類	95, 97, 99, 101	
新北市	有豐食品(股)公司	新北市淡水區樁子林20-1號	水產調味乾製食品類	94, 97,100	
新北市	西北食品工業股份有限公司	新北市林口區粉寮路一段一０二號 	冷凍冷藏水產品食品類	94, 97, 99, 102	
新北市	鴻明冷凍食品(股)公司	新北市瑞芳區大寮路84號	冷凍冷藏水產品食品類	95, 98, 101	
新北市	貴州醬業有限公司	新北市三峽區橫溪路99巷26號	水產品罐頭食品類	94, 100, 102	
新北市	億鄉有限公司	新北市三重區中興北街136巷22號	冷凍冷藏水產品食品類	94, 95, 96, 98, 101, 102	
新北市	尚冠冷凍食品有限公司	新北市瑞芳區大浦路有勝二村21號	冷凍冷藏水產品食品類	96, 98,100	
新北市	嘉珍食品行	新北市三重區仁愛街125巷6號	水產調味乾製食品類	95, 98,100	
新北市	富香食品有限公司	新北市中和區永和路458巷1弄11號	冷凍冷藏水產品食品類	95, 98, 100, 102	
新北市	桂冠實業(股)公司	新北市中和區中山路2段329號(一廠)/橋和路六Ｏ號(二廠)	冷凍冷藏水產品食品類	94, 99, 101	
新北市	佳香食品行	新北市蘆洲區中山一路95巷22弄6號	其他水產品類	95, 99, 102	
新北市	德裕食品有限公司	新北市淡水區下圭柔山123-5號	水產調味乾製食品類	98, 101, 102	
新北市	海聖股份有限公司	新北市八里區中山路二段66號	冷凍冷藏水產品食品類	98, 102	
新北市	登峰食品有限公司	新北市淡水區中正東路一段三巷三七號、四三號、四五號八樓 	水產調味乾製品類	99, 102	
新北市	珍苑有限公司八里廠	新北市八里區中山路二段66號	水產品罐頭食品類	100, 102	
新北市	鴻明冷凍食品股份有限公司	新北市瑞芳區大寮路84號	冷凍冷藏水產品食品類	94, 95, 98, 101	
新北市	新力香食品有限公司一廠	新北市三峽區介壽路一段338巷12號	水產調味乾製品類	102	
新北市	新力香食品有限公司二廠	新北市三峽區介壽路一段318巷17號	冷凍冷藏水產食品類	102	
桃園縣	好得壯實業股份有限公司	桃園縣楊梅鎮高獅路152號	水產品罐頭食品類	94, 95, 97, 99, 100, 101, 102	
新竹縣	味島食品企業(股)公司	新竹縣湖口鄉實踐路8號	水產調味乾製食品類	95, 97, 100, 102	
新竹縣	實邦食品工業股份有限公司	新竹縣竹北市中和街76號 	水產品罐頭食品類, 冷凍冷藏水產食品類	96, 97, 98, 100, 101	
新竹縣	志輝冷凍食品股份有限公司	新竹縣竹北市新社里新興路88號	冷凍冷藏水產食品類	102	
台中市	台灣善美的股份有限公司大肚生鮮處理廠	臺中市大肚區新興里沙田路2段26號	冷凍冷藏水產食品類	102	
台中市	丸文調理食品有限公司	臺中市大里區仁化里工業十一路156號	水產調味乾製食品類	94, 97, 98, 101	
台中市	狀元醬油股份有限公司	臺中市大肚區沙田路一段388巷35之9號	水產品罐頭食品類	96, 97,100	
台中市	建利食品股份有限公司	臺中市烏日區溪埧里溪南路一段197巷96號1樓	水產品罐頭食品類	94, 98,100	
台中市	福壽實業股份有限公司柴魚花加工廠	臺中市梧棲區草湳里自強路100號	水產調味乾製食品類	95, 98, 102	
台中市	丸鵬魚丸食品行	臺中市太平區永平路二段372號	冷凍冷藏水產品食品類	98, 99, 102	
台中市	興農股份有限公司烏日廠	臺中市烏日區中山路三段1429號	冷凍冷藏水產食品類	95, 96, 99, 101 	
彰化縣	榛紀食品有限公司	彰化縣埔心鄉員鹿路一段366號	水產調味乾製食品類	94, 101, 102	
彰化縣	臺日行食品廠	彰化縣員林鎮三多里興華街84、86號	其他水產乾製食品類	95, 101, 102	
雲林縣	春豐食品廠	雲林縣元長鄉西莊村西庄24號	冷凍冷藏水產品食品類	95, 97, 101	
雲林縣	三和食品廠	雲林縣元長鄉合和村三房51之2號	冷凍冷藏水產品食品類	97	
雲林縣	宗利食品廠	雲林縣元長鄉合和村三房路3號	冷凍冷藏水產品食品類	97, 99, 102	
雲林縣	良冠企業社	雲林縣元長鄉合和村三房95號	冷凍冷藏水產品食品類	97, 100, 102	
雲林縣	展昇生鮮企業公司	雲林縣斗六市斗工六路6號	冷凍冷藏水產品食品類	97, 98, 101, 102	
雲林縣	利豐超低溫水產股份有限公司	雲林縣斗六市科工一路一號	冷凍冷藏水產品食品類	95, 99, 102	
雲林縣	福祺食品股份有限公司	雲林縣四湖鄉內湖村三塊厝34號	冷凍冷藏水產品食品類	95, 98, 102	
雲林縣	憶霖紀文股份有限公司斗六廠	雲林縣斗六市榴中里斗工二路23號	冷凍冷藏水產品食品類	95, 100	
雲林縣	嘉楠食品工業股份有限公司	雲林縣元長鄉元長工業區興工街3號	冷凍冷藏水產品食品類	95, 101	
雲林縣	保證責任雲林縣口湖漁類生產合作社	雲林縣口湖鄉崙東村民生路1-80號	冷凍冷藏水產品食品類	95, 99, 102	
雲林縣	保證責任雲林縣水林福壽魚生產合作社	雲林縣水林鄉尖山村頂尖山60-3號	冷凍冷藏水產品食品類	95	
雲林縣	金利食品行	雲林縣元長鄉中山路261號	冷凍冷藏水產品食品類	98, 102	
雲林縣	大正食品廠	雲林縣二崙鄉大同村81號	冷凍冷藏水產品食品類	98, 100	
雲林縣	慶豐食品廠	雲林縣元長鄉西庄村西庄18號	冷凍冷藏水產品食品類	101	
嘉義縣	鑫溶實業股份有限公司	嘉義縣民雄鄉北斗村中正路28號	冷凍冷藏水產品食品類	95, 97, 101	
嘉義縣	嘉義區漁會新塭冷凍食品加工廠	嘉義縣布袋鎮復興里新塭509號	冷凍冷藏水產品食品類	97, 101, 102	
嘉義縣	保証責任嘉義縣六合全漁業生產合作社	嘉義縣六腳鄉潭墘村潭子墘75之20號	冷凍冷藏水產品食品類	95, 97, 101	
嘉義縣	正鑫水產加工有限公司	嘉義縣布袋鎮復興里11之11號	冷凍冷藏水產品食品類	95, 100, 102	
嘉義縣	禎祥食品工業(股)公司	嘉義縣朴子市竹村里1之3號	水產調味乾製品類	94, 102	
嘉義縣	福洲食品公司	嘉義縣太保市嘉太工業區和順6號	冷凍冷藏水產品食品類	94, 96,98	
嘉義縣	東晟水產企業(股)公司	嘉義縣義竹鄉義竹工業區義工三路3號	冷凍冷藏水產品食品類	94, 99, 102	
嘉義縣	興毅冷凍食品工業(股)公司	嘉義縣朴子市竹村里1之6號	水產品罐頭食品類	95, 99, 102	
嘉義縣	金實水產實業有限公司	嘉義縣布袋鎮岑海里中正路12號	冷凍冷藏水產品食品類	95, 100, 102	
南投縣	裕國冷凍冷藏股份有限公司	南投市永豐里工業北路二號	水產品罐頭食品類	94, 95,100, 102	
南投縣	瑞升國際股份有限公司	南投縣南投市永豐里南崗三路244號	水產品罐頭食品類	95, 99, 100, 101, 102	
台南市	丸楊食品有限公司	臺南市新孝路186號	冷凍冷藏水產品食品類	94, 95,97,99,100	
台南市	臺南市北門區農會食品加工廠	臺南市北門區中樞里溪底寮40-2號	水產調味乾製食品類	97	
台南市	和興食品工廠	臺南市學甲區中洲346-1號	冷凍冷藏水產品食品類	97, 98,100	
台南市	日寶食品工業(股)公司	臺南市佳里區文化路491號	水產品罐頭食品類	95, 98, 101	
台南市	好帝一食品有限公司	臺南市新市區大營里豐榮160號	水產品罐頭食品類	94, 99, 102	
台南市	統一企業股份有限公司新巿廠 	臺南市新市區大營里大營7號 	冷凍冷藏水產品食品/水產調味乾製食品類	94	
台南市	大昭製藥生物科技股份有限公司	臺南市官田區二鎮里建業路7號	水產品罐頭食品類	95, 99, 102	
台南市	台灣糖業(股)公司新營副產	臺南市柳營區人和里義士路五段690號A棟	水產調味乾製品類	96, 102	
台南市	有限責任台南市第一漁權會漁業生產合作社	臺南市北門區中樞里溪底寮100-7號	冷凍冷藏水產品食品/水產調味乾製食品類	96, 101	
台南市	品元國際股份有限公司臺南廠	臺南市關廟區五甲村南雄路一段502號	冷凍冷藏水產品食品類	96, 98, 101, 102	
台南市	昆億勝食品有限公司	臺南市新營區新工路31號	冷凍冷藏水產品食品類	98, 103	
台南市	洽通實業股份有限公司學甲廠	台南市學甲區光華里筏子頭21之6號	水產品罐頭食品類, 冷凍冷藏水產食品類, 水產調味乾製品類	101	
高雄市	百鮮屋企業股份有限公司	高雄市前鎮區明孝里豐漁三路32號	冷凍冷藏水產品食品類	95, 97, 102	
高雄市	新和興海洋企業股份有限公司	高雄市前鎮區漁港南一路31號	冷凍冷藏水產品食品類	94, 97, 102	
高雄市	元海鄉實業股份有限公司	高雄市前鎮區漁港北三路32號	冷凍冷藏水產品食品類	97, 102	
高雄市	珍福食品股份有限公司	高雄市前鎮區漁港中二路59號	水產調味乾製食品類	95, 99	
高雄市	富岳冷凍食品廠股份有限公司	高雄市前鎮區漁港南一路21號	冷凍冷藏水產品食品類	95, 101	
高雄市	匯永實業股份有限公司	高雄市前鎮區明孝里漁港北三路22號	冷凍冷藏水產品食品類	94, 101	
高雄市	金利華食品有限公司	高雄市前鎮區新大路5號	冷凍冷藏水產品食品類	94, 98, 102	
高雄市	嘉豐海洋國際股份有限公司	高雄市前鎮區漁港南一路23號	冷凍冷藏水產品食品類	96, 101	
高雄市	建榮食品	高雄市前鎮區新展路3號	冷凍冷藏水產品食品類	96, 98	
高雄市	海霸王股份有限公司高雄分公司	高雄市前鎮區興漁四路2號	冷凍冷藏水產品食品類	96, 101, 102	
高雄市	全津食品股份有限公司	高雄市小港區中亨路26號	冷凍冷藏水產品食品類	98, 102	
高雄市	聚耀低溫食品廠股份有限公司	高雄市小港區大業南路27號	冷凍冷藏水產品食品類	98, 102	
高雄市	和發冷凍食品股份有限公司	高雄市小港區東林路26號	冷凍冷藏水產品食品類	98	
高雄市	安得利食品股份有限公司	高雄市前鎮區新大路10號	冷凍冷藏水產品食品類	98, 102	
高雄市	順億超低溫冷凍股份有限公司	高雄市前鎮區漁港南一路39號	冷凍冷藏水產品食品類	98, 102	
高雄市	南海食品(股)公司	高雄市鳥松區大同路4巷1弄6號	水產品罐頭食品類	95, 97, 101	
高雄市	宏嘉食品(股)公司	高雄市岡山區嘉新東路1巷5號	冷凍冷藏水產品食品類	94, 97, 100, 102	
高雄市	金吉順實業(股)公司	高雄市鳳山區鳳仁路236號	水產調味乾製食品類, 冷凍冷藏水產食品類	94, 97, 99, 102	
高雄市	東寶冷凍食品(股)公司	高雄市橋頭區典昌路20號	冷凍冷藏水產品食品類	94, 99,100	
高雄市	慶鐘佳味食品(股)公司	高雄市大寮區大有四街12號	冷凍冷藏水產品食品類	95, 98, 100, 102	
高雄市	國際農畜(股)公司	高雄市路竹區中華路518號	冷凍冷藏水產品食品類	94, 102	
高雄市	允偉興業股份有限公司	高雄市大寮區華中路28號	冷凍冷藏水產品食品類	94, 96, 99, 102	
高雄市	明寶企業有限公司	高雄市大寮區鳳林二路293-20號	冷凍冷藏水產品食品類	95	
高雄市	桂軍企業有限公司	高雄市鳳山區南昌街74-2號	冷凍冷藏水產品食品類	96, 98, 102	
高雄市	高雄市梓官區漁會冷凍廠	高雄市梓官區信蚵里漁港二路32號	冷凍冷藏水產品食品類	95, 98, 102	
高雄市	如記食品	高雄市大寮區大寮里華西路36號	冷凍冷藏水產品食品類	95, 98	
高雄市	裕榮食品	高雄市大寮區鳳屏一路7號	其他水產品類	95,100	
高雄市	奇美食品股份有限公司湖內廠	高雄市湖內區中山路二段51號	冷凍冷藏水產品食品類	94, 98, 102	
高雄市	長勝食品廠	高雄市大寮區中庄里工商路114巷1號	冷凍冷藏水產品食品類	94,100	
高雄市	正合味企業	高雄市彌陀區中正南路28號	水產調味乾製食品類	96, 99	
高雄市	富琪國際貿易有限公司 	高雄市大寮區大寮里裕民街３７號 	冷凍冷藏水產品食品類	99	
高雄市	台灣欣榮食品股份有限公司	高雄市旗山區三協里磚廠巷１６、１６之１、１６之２號 	冷凍冷藏水產品食品類	99	
高雄市	金內冠冷凍食品股份有限公司	高雄市前鎮區漁港南三路２１號 	冷凍冷藏水產食品類	99	
高雄市	昌明食品有限公司	高雄市前鎮區鎮北里擴建路１之２７號４樓、１之２８號４樓、１之２９號４樓 	冷凍冷藏水產品食品類	99	
高雄市	富貹企業有限公司 	高雄市前鎮區漁港北三路２８號 	冷凍冷藏水產品食品類	99	
高雄市	隆發冷凍企業股份有限公司	高雄市前鎮區漁港南一路27號	冷凍冷藏水產食品類	100	
高雄市	得意中華食品股份有限公司	高雄市岡山區本洲工業區本工一路25 號	水產品罐頭食品類	101	
高雄市	瑞洲冷凍食品股份有限公司	高雄市左營區民族一路651號	其他水產乾製食品類	101, 102	
高雄市	南隆冷凍製冰廠股份有限公司	高雄市鼓山區濱海一路57巷3弄36號	冷凍冷藏水產食品類	100	
高雄市	超發水產有限公司	高雄市前鎮區漁港北三路16號	冷凍冷藏水產食品類	101	
高雄市	住友水產股份有限公司	高雄市前鎮區新衙路296巷81弄18號	冷凍冷藏水產食品類	101	
高雄市	互得惠有限公司	高雄市前鎮區新衙路296巷81弄13號	其他水產乾製食品類	102	
高雄市	魚之達人水產有限公司	高雄市林園區西溪里西溪路193巷5-9號	冷凍冷藏水產食品類	102	
屏東縣	良興水產食品冷凍有限公司	屏東縣枋寮鄉東海村永翔路49號	冷凍冷藏水產品食品類	97, 99, 102	
屏東縣	味一食品有限公司屏南廠	屏東縣枋寮鄉東海村精進路35號	水產調味乾製食品類	97, 99	
屏東縣	屏東縣東港區漁會	屏東縣東港鎮朝安里新生1路73號	水產調味乾製食品類	94, 95, 97, 102	
屏東縣	宏益冷凍食品(股)公司	屏東縣內埔鄉豐田村建邦路6號	冷凍冷藏水產品食品類	94, 95,97	
屏東縣	品嘉(凱寅)企業(股)公司	屏東縣潮州鎮蓬萊里榮祥巷24號	冷凍冷藏水產品食品類	94, 95,97	
屏東縣	合城冷凍水產有限公司	屏東縣東港鎮興東里東興路146巷156號	冷凍冷藏水產品食品類	95, 97,101	
屏東縣	全信冷凍食品股份有限公司	屏東縣內埔鄉豐田村中正路458號	冷凍冷藏水產品食品類	94, 95, 96, 102	
屏東縣	陸仕企業(股)公司	屏東縣內埔鄉北寧路二段88號	冷凍冷藏水產品食品類	96	
屏東縣	源鴻億食品有限公司	屏東縣里港鄉中和村中和路3之25號	冷凍冷藏水產品食品類	94, 95, 101, 102	
屏東縣	佳辰實業(股)公司	屏東縣南州鄉壽元村大同路99號	冷凍冷藏水產品食品類	94, 96, 102	
屏東縣	屏榮實業股份有限公司	屏東市工業區工業環路4號	冷凍冷藏水產品食品類	94, 98, 102	
屏東縣	新城國際實業（股）公司	屏東縣內埔鄉豐田村建國路5號	冷凍冷藏水產品食品類	95, 98, 102	
屏東縣	強匠冷凍食品(股)公司	屏東縣內埔工業區建國路16號	冷凍冷藏水產品食品類	94, 95, 98, 101, 102	
屏東縣	慶祥食品有限公司	屏東縣東港鎮延平路180號	水產調味乾製食品類	95, 99, 102	
屏東縣	政益食品有限公司	屏東縣林邊鄉田厝村成功路122號	水產調味乾製食品類	95, 96,100	
屏東縣	家田企業有限公司	屏東縣里港鄉中和村中和路33~1號	水產調味乾製食品類	95, 96, 101	
屏東縣	國盛食品股份有限公司	屏東縣內埔鄉豐田村興中一巷22號	冷凍冷藏水產品食品類	95, 96,100	
屏東縣	祐全產業股份有限公司	屏東縣新園鄉五房村龍洲路50號	冷凍冷藏水產品食品類	94, 98,100	
屏東縣	朝海生物科技股份有限公司	屏東縣長治鄉德和村神農東路23號 	水產調味乾製品類, 其他水產乾製食品類	99, 102	
屏東縣	禾榮產業股份有限公司	屏東縣萬丹鄉社上村社皮路3段820號	冷凍冷藏水產品食品類	100	
屏東縣	正宸食品股份有限公司	屏東縣內埔鄉竹圍村福壽路563號	水產調味乾製品類	101, 102	
屏東縣	福億冷凍食品有限公司	屏東縣潮州鎮蓬萊里榮祥路32號	冷凍冷藏水產食品類	100	
屏東縣	臺灣黑輪伯食品公司	屏東市清溪里建國路450巷20號	冷凍冷藏水產食品類	101	
屏東縣	永昇冷凍食品工業股份有限公司   	屏東縣里港鄉三廍村三和路119之73號	冷凍冷藏水產食品類	101, 102	
澎湖縣	天和生物股份有限公司澎湖水產加工廠	澎湖縣馬公市東文里4鄰新營路553號	冷凍冷藏水產食品類	101, 102	
